{"cameraMode":{"drawMode":0,"name":"Shaded","section":"Shading Mode"},"sceneLighting":false,"audioPlay":false,"sceneViewState":{"showFog":true,"showMaterialUpdate":false,"showSkybox":true,"showFlares":true,"showImageEffects":true,"showParticleSystems":true},"in2DMode":false,"pivot":{"x":-0.32488155364990237,"y":-2.5982980728149416,"z":-0.6680207252502441},"rotation":{"x":0.029484877362847329,"y":-0.530946671962738,"z":0.0184895358979702,"w":0.8466903567314148},"size":4.851988315582275,"orthographic":false}